方向,編號,"收費區
設定里程",小車牌價,交流道(起),交流道(迄),,緯度(北緯),,經度(東經)
S,01F-000.5S,1.1,1.3,基隆端(基隆港),基隆(長庚醫院),N,25.11878611,E,121.7317639
S,01F-001.7S,1.2,1.4,基隆(長庚醫院),八堵,N,25.10956667,E,121.7259056
S,01F-002.9S,2.8,3.3,八堵,大華系統(連接台62),N,25.10311111,E,121.7173694
S,01F-006.1S,1.8,2.1,大華系統(連接台62),五堵,N,25.08839444,E,121.6934833
S,01F-009.9S,3.7,4.4,五堵,汐止&汐止系統(連接國3),N,25.07626389,E,121.6594778
S,01F-014.7S,3.7,4.4,汐止&汐止系統(連接國3),東湖,N,25.06564444,E,121.6135194
S,01F-015.5S,2.1,2.5,東湖,內湖(南京東、成功路),N,25.06475278,E,121.6059028
S,01F-018.2S,5.9,7,內湖(南京東、成功路),圓山(建國北路),N,25.06898611,E,121.5802306
S,01F-024.8S,2.1,2.5,圓山(建國北路),台北(重慶北、士林),N,25.07763056,E,121.5166028
S,01F-026.4S,2,2.4,台北(重慶北、士林),三重,N,25.07746389,E,121.5013861
S,01F-029.3S,5.9,7,三重,五股,N,25.07479722,E,121.4729611
S,01F-033.9S,1.4,1.6,五股,高公局,N,25.068239,E,121.428764
S,01F-037.6S,6.5,7.8,高公局,林口(文化一路),N,25.058667,E,121.397306
S,01F-041.3S,1.4,1.6,林口(文化一路),林口(文化北路),N,25.065081,E,121.363444
S,01F-046.7S,6.8,8.1,林口(文化北路),桃園,N,25.047075,E,121.317761
S,01F-050.9S,3.2,3.8,桃園,機場系統(連接國2),N,25.027206,E,121.283072
S,01F-053.2S,2.9,3.4,機場系統(連接國2),中壢服務區,N,25.012944,E,121.266194
S,01F-055.7S,2.2,2.6,中壢服務區,內壢,N,24.99858333,E,121.2477222
S,01F-057.8S,5.1,6.1,內壢,中壢,N,24.984414,E,121.233197
S,01F-063.3S,2.6,3.1,中壢,平鎮系統(連接台66),N,24.949281,E,121.195594
S,01F-066.4S,2.3,2.7,平鎮系統(連接台66),幼獅,N,24.929544,E,121.176919
S,01F-068.1S,1.9,2.2,幼獅,楊梅,N,24.917967,E,121.167586
S,01F-075.0S,14.6,17.5,楊梅,湖口,N,24.893436,E,121.111731
S,01F-088.0S,7.3,8.7,湖口,竹北,N,24.848719,E,121.019031
S,01F-092.8S,3,3.6,竹北,新竹(光復路),N,24.808453,E,121.010306
S,01F-095.0S,2.5,3,新竹(光復路),新竹(科學園區),N,24.789622,E,121.005247
S,01F-098.0S,2.8,3.3,新竹(科學園區),新竹系統(連接國3),N,24.763586,E,120.998861
S,01F-104.5S,11,13.2,新竹系統(連接國3),頭份,N,24.727131,E,120.951897
S,01F-112.3S,15.1,18.1,頭份,頭屋,N,24.67931667,E,120.9042667
S,01F-129.2S,7.4,8.8,頭屋,苗栗,N,24.550442,E,120.838925
S,01F-138.9S,7.3,8.7,苗栗,銅鑼,N,24.485919,E,120.781903
S,01F-146.5S,10,12,銅鑼,三義,N,24.420514,E,120.775731
S,01F-157.2S,10.5,12.6,三義,后里,N,24.339147,E,120.72085
S,01F-162.1S,4.7,5.6,后里,台中系統(連接國4),N,24.301186,E,120.697325
S,01F-166.4S,2.5,3,台中系統(連接國4),豐原,N,24.262647,E,120.691956
S,01F-172.5S,6.2,7.4,豐原,大雅,N,24.212956,E,120.671375
S,01F-177.4S,4.4,5.2,大雅,台中(台灣大道),N,24.184592,E,120.635611
S,01F-180.2S,2.8,3.3,台中(台灣大道),南屯,N,24.163706,E,120.621933
S,01F-183.9S,8.2,9.8,南屯,王田,N,24.130767,E,120.617247
S,01F-190.6S,3.1,3.7,王田,彰化系統(連接國3),N,24.113572,E,120.568131
S,01F-196.0S,5.6,6.7,彰化系統(連接國3),彰化,N,24.085622,E,120.52785
S,01F-201.1S,9.1,10.9,彰化,埔鹽系統(連接台76),N,24.040639,E,120.522786
S,01F-208.9S,3.4,4,埔鹽系統(連接台76),員林,N,23.971794,E,120.506117
S,01F-215.6S,9.1,10.9,員林,北斗,N,23.912769,E,120.49765
S,01F-224.9S,10.4,12.4,北斗,西螺,N,23.830569,E,120.484881
S,01F-232.2S,5.2,6.2,西螺,虎尾(斗六聯絡道),N,23.766328,E,120.469342
S,01F-239.4S,4.9,5.8,虎尾(斗六聯絡道),斗南(158縣道),N,23.702603,E,120.474917
S,01F-242.5S,3.2,3.8,斗南(158縣道),雲林系統(連接台78),N,23.677375,E,120.462281
S,01F-248.3S,6.5,7.8,雲林系統(連接台78),大林,N,23.629158,E,120.440264
S,01F-251.4S,6.9,8.2,大林,民雄,N,23.601989,E,120.435417
S,01F-260.3S,7.1,8.5,民雄,嘉義,N,23.526739,E,120.405583
S,01F-267.4S,6.2,7.4,嘉義,水上,N,23.469403,E,120.3777
S,01F-271.4S,2.5,3,水上,嘉義系統(連接台82),N,23.436367,E,120.361561
S,01F-282.7S,11.3,13.5,嘉義系統(連接台82),新營服務區,N,23.347469,E,120.322192
S,01F-286.6S,4.2,5,新營服務區,新營,N,23.320994,E,120.298703
S,01F-293.0S,11.2,13.4,新營,下營系統(連接台84),N,23.272589,E,120.265769
S,01F-301.9S,4.1,4.9,下營系統(連接台84),麻豆,N,23.205089,E,120.236675
S,01F-308.3S,7.5,9,麻豆,安定,N,23.148131,E,120.231303
S,01F-312.6S,4.3,5.1,安定,台南系統(連接國8),N,23.104817,E,120.247681
S,01F-318.5S,4.2,5,台南系統(連接國8),永康,N,23.051311,E,120.253025
S,01F-322.7S,4.9,5.8,永康,大灣,N,23.014172,E,120.249997
S,01F-325.2S,2.9,3.4,大灣,台南(仁德),N,22.991814,E,120.248175
S,01F-328.6S,3.3,3.9,台南(仁德),仁德系統(連接台86),N,22.960903,E,120.249822
S,01F-336.6S,7.6,9.1,仁德系統(連接台86),路竹,N,22.892619,E,120.27215
S,01F-339.8S,4.1,4.9,路竹,高科,N,22.867419,E,120.284989
S,01F-346.0S,7,8.4,高科,岡山,N,22.818039,E,120.312731
S,01F-352.5S,5.9,7,岡山,楠梓(旗楠路),N,22.761672,E,120.330806
S,01F-356.1S,1.8,2.1,楠梓(旗楠路),楠梓(鳳楠路),N,22.728956,E,120.333764
S,01F-359.0S,5.2,6.2,楠梓(鳳楠路),鼎金系統(連接國10、大中路),N,22.703525,E,120.328219
S,01F-364.0S,4.3,5.1,鼎金系統(連接國10、大中路),高雄(九如、建國路),N,22.658892,E,120.332081
S,01F-367.6S,1.2,1.4,高雄(九如、建國路),高雄(中正、三多路),N,22.627819,E,120.336222
S,01F-368.6S,2,2.4,高雄(中正、三多路),瑞隆路南下出口匝道,N,22.618206,E,120.336853
S,01F-373.6S,1.2,1.4,高雄端(中山四路),高雄端(新生路),N,22.581933,E,120.32315
N,01F-000.5N,1.1,1.3,基隆(長庚醫院),基隆端(基隆港),N,25.11831111,E,121.7316361
N,01F-001.7N,1.2,1.4,八堵,基隆(長庚醫院),N,25.10956667,E,121.7259056
N,01F-002.9N,2.8,3.3,大華系統(連接台62),八堵,N,25.10311111,E,121.7173694
N,01F-006.1N,1.8,2.1,五堵,大華系統(連接台62),N,25.08839444,E,121.6934833
N,01F-009.9N,3.7,4.4,汐止&汐止系統(連接國3),五堵,N,25.07604444,E,121.6594222
N,01F-014.7N,3.7,4.4,東湖,汐止&汐止系統(連接國3),N,25.06564444,E,121.6135194
N,01F-015.5N,2.1,2.5,內湖(南京東、成功路),東湖,N,25.06475278,E,121.6059028
N,01F-021.3N,5.9,7,圓山(建國北路),內湖(南京東、成功路),N,25.073053,E,121.550358
N,01F-023.3N,2.1,2.5,台北(重慶北、士林),圓山(建國北路),N,25.07301944,E,121.5307028
N,01F-025.6N,2,2.4,三重,台北(重慶北、士林),N,25.07806667,E,121.5091056
N,01F-029.3N,5.9,7,五股,三重,N,25.07479722,E,121.4729611
N,01F-033.9N,1.4,1.6,高公局,五股,N,25.068239,E,121.428764
N,01F-037.6N,6.5,7.8,林口(文化一路),高公局,N,25.058667,E,121.397306
N,01F-041.3N,1.4,1.6,林口(文化北路),林口(文化一路),N,25.065081,E,121.363444
N,01F-046.7N,6.8,8.1,桃園,林口(文化北路),N,25.047075,E,121.317761
N,01F-050.9N,3.2,3.8,機場系統(連接國2),桃園,N,25.027206,E,121.283072
N,01F-053.2N,2.9,3.4,中壢服務區,機場系統(連接國2),N,25.012944,E,121.266194
N,01F-055.7N,2.2,2.6,內壢,中壢服務區,N,24.998583,E,121.247722
N,01F-058.4N,5.1,6.1,中壢,內壢,N,24.980558,E,121.228944
N,01F-063.3N,2.6,3.1,平鎮系統(連接台66),中壢,N,24.949281,E,121.195594
N,01F-066.4N,2.3,2.7,幼獅,平鎮系統(連接台66),N,24.929544,E,121.176919
N,01F-068.1N,1.9,2.2,楊梅,幼獅,N,24.917967,E,121.167586
N,01F-075.0N,14.6,17.5,湖口,楊梅,N,24.893436,E,121.111731
N,01F-088.0N,7.3,8.7,竹北,湖口,N,24.848719,E,121.019031
N,01F-092.8N,3,3.6,新竹(光復路),竹北,N,24.808453,E,121.010306
N,01F-095.6N,2.5,3,新竹(科學園區),新竹(光復路),N,24.783944,E,121.003725
N,01F-097.9N,2.8,3.3,新竹系統(連接國3),新竹(科學園區),N,24.764414,E,120.999897
N,01F-104.5N,11,13.2,頭份,新竹系統(連接國3),N,24.727131,E,120.951897
N,01F-112.3N,15.1,18.1,頭屋,頭份,N,24.67931667,E,120.9042667
N,01F-129.2N,7.4,8.8,苗栗,頭屋,N,24.550442,E,120.838925
N,01F-138.9N,7.3,8.7,銅鑼,苗栗,N,24.485919,E,120.781903
N,01F-146.5N,10,12,三義,銅鑼,N,24.420514,E,120.775731
N,01F-157.2N,10.5,12.6,后里,三義,N,24.339147,E,120.72085
N,01F-162.1N,4.7,5.6,台中系統(連接國4),后里,N,24.301186,E,120.697325
N,01F-166.4N,2.5,3,豐原,台中系統(連接國4),N,24.262647,E,120.691956
N,01F-172.5N,6.2,7.4,大雅,豐原,N,24.212956,E,120.671375
N,01F-177.4N,4.4,5.2,台中(台灣大道),大雅,N,24.184592,E,120.635611
N,01F-180.2N,2.8,3.3,南屯,台中(台灣大道),N,24.163706,E,120.621933
N,01F-183.9N,8.2,9.8,王田,南屯,N,24.130767,E,120.617247
N,01F-190.6N,3.1,3.7,彰化系統(連接國3),王田,N,24.113572,E,120.568131
N,01F-196.0N,5.6,6.7,彰化,彰化系統(連接國3),N,24.085622,E,120.52785
N,01F-201.1N,9.1,10.9,埔鹽系統(連接台76),彰化,N,24.040639,E,120.522786
N,01F-208.9N,3.4,4,員林,埔鹽系統(連接台76),N,23.971794,E,120.506117
N,01F-215.6N,9.1,10.9,北斗,員林,N,23.912769,E,120.49765
N,01F-224.9N,10.4,12.4,西螺,北斗,N,23.830569,E,120.484881
N,01F-232.2N,5.2,6.2,虎尾(斗六聯絡道),西螺,N,23.766328,E,120.469342
N,01F-239.4N,4.9,5.8,斗南(158縣道),虎尾(斗六聯絡道),N,23.702603,E,120.474917
N,01F-242.5N,3.2,3.8,雲林系統(連接台78),斗南(158縣道),N,23.677375,E,120.462281
N,01F-248.3N,6.5,7.8,大林,雲林系統(連接台78),N,23.629158,E,120.440264
N,01F-251.4N,6.9,8.2,民雄,大林,N,23.601989,E,120.435417
N,01F-260.3N,7.1,8.5,嘉義,民雄,N,23.526739,E,120.405583
N,01F-267.4N,6.2,7.4,水上,嘉義,N,23.469403,E,120.3777
N,01F-271.4N,2.5,3,嘉義系統(連接台82),水上,N,23.436367,E,120.361561
N,01F-282.7N,11.3,13.5,新營服務區,嘉義系統(連接台82),N,23.347469,E,120.322192
N,01F-286.6N,4.2,5,新營,新營服務區,N,23.320994,E,120.298703
N,01F-293.0N,11.2,13.4,下營系統(連接台84),新營,N,23.272589,E,120.265769
N,01F-301.9N,4.1,4.9,麻豆,下營系統(連接台84),N,23.205089,E,120.236675
N,01F-308.3N,7.5,9,安定,麻豆,N,23.148131,E,120.231303
N,01F-312.6N,4.3,5.1,台南系統(連接國8),安定,N,23.104817,E,120.247681
N,01F-318.5N,4.2,5,永康,台南系統(連接國8),N,23.051311,E,120.253025
N,01F-322.7N,4.9,5.8,大灣,永康,N,23.014172,E,120.249997
N,01F-325.2N,2.9,3.4,台南(仁德),大灣,N,22.991814,E,120.248175
N,01F-328.6N,3.3,3.9,仁德系統(連接台86),台南(仁德),N,22.960903,E,120.249822
N,01F-336.6N,7.6,9.1,路竹,仁德系統(連接台86),N,22.892619,E,120.27215
N,01F-339.8N,4.1,4.9,高科,路竹,N,22.867419,E,120.284989
N,01F-346.0N,7,8.4,岡山,高科,N,22.818039,E,120.312731
N,01F-352.5N,5.9,7,楠梓(旗楠路),岡山,N,22.761672,E,120.330806
N,01F-355.9N,1.8,2.1,楠梓(鳳楠路),楠梓(旗楠路),N,22.730903,E,120.334286
N,01F-359.0N,5.2,6.2,鼎金系統(連接國10、大中路),楠梓(鳳楠路),N,22.703525,E,120.328219
N,01F-364.0N,4.3,5.1,高雄(九如、建國路),鼎金系統(連接國10、大中路),N,22.658892,E,120.332081
N,01F-367.6N,1.2,1.4,高雄(中正、三多路),高雄(九如、建國路),N,22.627819,E,120.336222
N,01F-369.6N,2.9,3.4,瑞隆路南下出口匝道,高雄(中正、三多路),N,22.609428,E,120.339608
N,01F-373.6N,1.2,1.4,高雄端(新生路),高雄端(中山四路),N,22.581933,E,120.32315
S,01H-016.3S,7.5,9,汐止&汐止系統(連接國1平面),堤頂,N,25.064006,E,121.598733
S,01H-020.6S,6.8,8.1,堤頂,環北,N,25.07275,E,121.557739
S,01H-030.5S,7.4,8.8,環北,五股(高架),N,25.072747,E,121.450939
S,01H-033.4S,1.4,1.6,五股(高架),高公局,N,25.068728,E,121.433281
S,01H-044.7S,17.8,21.3,高公局,機場系統(連接國2),N,25.060125,E,121.331858
S,01H-057.9S,10.2,12.2,機場系統(連接國2),中壢,N,24.984094,E,121.232531
S,01H-061.0S,6.7,8,中壢,楊梅,N,24.96525,E,121.209867
N,01H-017.4N,7.5,9,堤頂,汐止&汐止系統(連接國1平面),N,25.065544,E,121.588044
N,01H-020.0N,1.7,2,下塔悠北上出口匝道,堤頂,N,25.070994,E,121.562519
N,01H-020.8N,5.1,6.1,環北,下塔悠北上出口匝道,N,25.072261,E,121.555014
N,01H-027.1N,7.4,8.8,五股(高架),環北,N,25.075256,E,121.494019
N,01H-033.3N,1.4,1.6,高公局,五股(高架),N,25.068147,E,121.435133
N,01H-044.7N,17.8,21.3,機場系統(連接國2),高公局,N,25.059242,E,121.332072
N,01H-057.9N,10.2,12.2,中壢,機場系統(連接國2),N,24.983667,E,121.232981
N,01H-060.8N,6.7,8,楊梅,中壢,N,24.965878,E,121.211614
S,03F-000.6S,2.3,2.7,基金,瑪東系統(連接台62),N,25.137106,E,121.708908
S,03F-008.7S,8.4,10,瑪東系統(連接台62),汐止系統(連接國1),N,25.089994,E,121.653556
S,03F-011.6S,2.1,2.5,汐止系統(連接國1),新台五路,N,25.065611,E,121.643467
S,03F-013.6S,1.7,2,新台五路,南港(連接環東大道),N,25.052742,E,121.631281
S,03F-015.8S,1.2,1.4,南港(連接環東大道),南港系統(連接國五),N,25.036533,E,121.621386
S,03F-020.1S,4.7,5.6,南港系統(連接國五),木柵(連接國3甲),N,25.007436,E,121.595981
S,03F-021.7S,6.3,7.5,木柵(連接國3甲),新店(中興路),N,24.993567,E,121.592933
S,03F-030.1S,4.1,4.9,新店(中興路),安坑(中央、安康路),N,24.96255,E,121.530572
S,03F-033.7S,4.8,5.7,安坑(中央、安康路),中和(連接台64),N,24.978881,E,121.502381
S,03F-039.4S,6.7,8,中和(連接台64),土城(連接台65),N,24.975247,E,121.454925
S,03F-044.7S,4.9,5.8,土城(連接台65),樹林,N,24.950503,E,121.412681
S,03F-049.8S,3.3,3.9,樹林,三鶯,N,24.943825,E,121.365275
S,03F-052.5S,3.7,4.4,三鶯,鶯歌系統(連接國2),N,24.936025,E,121.3419
S,03F-055.9S,8.4,10,鶯歌系統(連接國2),大溪(連接台66),N,24.930225,E,121.312458
S,03F-064.8S,5.5,6.6,大溪(連接台66),龍潭,N,24.878792,E,121.250839
S,03F-069.8S,7.9,9.4,龍潭,關西服務區,N,24.856558,E,121.208581
S,03F-078.3S,3,3.6,關西服務區,關西,N,24.797339,E,121.179128
S,03F-084.6S,11.1,13.3,關西,竹林,N,24.791439,E,121.125997
S,03F-096.1S,8.5,10.2,竹林,寶山,N,24.758442,E,121.030425
S,03F-099.6S,1.9,2.2,寶山,新竹系統(連接國1),N,24.755811,E,120.997269
S,03F-102.2S,3.2,3.8,新竹系統(連接國1),茄苳,N,24.757914,E,120.972267
S,03F-105.1S,5.3,6.3,茄苳,香山,N,24.753094,E,120.945675
S,03F-112.8S,5.6,6.7,香山,西濱(連接台61),N,24.711383,E,120.889639
S,03F-116.1S,3.7,4.4,西濱(連接台61),竹南,N,24.698006,E,120.860086
S,03F-121.5S,5.4,6.4,竹南,大山,N,24.655964,E,120.838242
S,03F-125.7S,5.7,6.8,大山,後龍,N,24.627161,E,120.814006
S,03F-133.2S,4.7,5.6,後龍,西湖服務區,N,24.579642,E,120.764417
S,03F-139.5S,9.4,11.2,西湖服務區,通霄,N,24.531125,E,120.733253
S,03F-148.5S,12.5,15,通霄,苑裡,N,24.467308,E,120.681217
S,03F-163.3S,7.5,9,苑裡,大甲,N,24.341119,E,120.651567
S,03F-165.1S,4.7,5.6,大甲,中港系統(連接國4),N,24.334719,E,120.635578
S,03F-171.0S,3.5,4.2,中港系統(連接國4),清水服務區,N,24.292881,E,120.601964
S,03F-173.9S,3.7,4.4,清水服務區,沙鹿,N,24.269464,E,120.590806
S,03F-177.9S,6.7,8,沙鹿,龍井,N,24.234647,E,120.593306
S,03F-186.0S,8.8,10.5,龍井,和美,N,24.177831,E,120.548244
S,03F-194.4S,5.1,6.1,和美,彰化系統(連接國1),N,24.119011,E,120.536692
S,03F-199.1S,5.4,6.4,彰化系統(連接國1),快官(連接台74),N,24.102808,E,120.577661
S,03F-206.6S,5.2,6.2,快官(連接台74),烏日,N,24.070333,E,120.639711
S,03F-207.9S,1.8,2.1,烏日,中投(連接台63),N,24.067778,E,120.652361
S,03F-210.0S,2.3,2.7,中投(連接台63),霧峰(台3線、太平-台74),N,24.060653,E,120.670964
S,03F-212.9S,2.9,3.4,霧峰(台3線、太平-台74),霧峰系統(連接國6),N,24.037392,E,120.675775
S,03F-215.2S,3,3.6,霧峰系統(連接國6),草屯,N,24.019992,E,120.663222
S,03F-219.4S,5.6,6.7,草屯,中興系統(台76-八卦山隧道),N,23.985844,E,120.652714
S,03F-223.5S,1.8,2.1,中興系統(台76-八卦山隧道),中興,N,23.955503,E,120.661267
S,03F-226.1S,3.8,4.5,中興,南投,N,23.9376,E,120.677039
S,03F-230.6S,3,3.6,南投,南投服務區,N,23.906781,E,120.702828
S,03F-233.6S,5.6,6.7,南投服務區,名間,N,23.882031,E,120.709186
S,03F-241.5S,6.7,8,名間,竹山,N,23.814836,E,120.700003
S,03F-244.7S,6.3,7.5,竹山,南雲,N,23.787486,E,120.704519
S,03F-253.5S,10.2,12.2,南雲,斗六,N,23.775581,E,120.6259
S,03F-261.4S,8.1,9.7,斗六,古坑(文化路)&古坑系統(連接台78),N,23.724425,E,120.601786
S,03F-270.9S,2.1,2.5,古坑(文化路)&古坑系統(連接台78),古坑(朝陽路),N,23.649142,E,120.57295
S,03F-274.7S,5.7,6.8,古坑(朝陽路),古坑服務區,N,23.618203,E,120.558567
S,03F-277.7S,2.5,3,古坑服務區,梅山,N,23.606792,E,120.532511
S,03F-284.0S,9.6,11.5,梅山,竹崎(竹崎連絡道),N,23.558125,E,120.505061
S,03F-289.9S,2,2.4,竹崎(竹崎連絡道),竹崎(159縣道),N,23.511683,E,120.486328
S,03F-292.3S,6.5,7.8,竹崎(159縣道),中埔,N,23.492078,E,120.494586
S,03F-298.5S,2.9,3.4,中埔,水上系統(連接台82),N,23.442486,E,120.4812
S,03F-310.1S,11.3,13.5,水上系統(連接台82),白河,N,23.361253,E,120.436356
S,03F-318.7S,8.1,9.7,白河,東山服務區,N,23.296692,E,120.404164
S,03F-321.1S,2.8,3.3,東山服務區,柳營,N,23.279281,E,120.390253
S,03F-325.9S,7.1,8.5,柳營,烏山頭,N,23.244994,E,120.367378
S,03F-330.7S,5.1,6.1,烏山頭,官田系統(連接台84),N,23.203275,E,120.355461
S,03F-339.2S,5.3,6.3,官田系統(連接台84),善化,N,23.132064,E,120.333711
S,03F-344.5S,6.7,8,善化,新化系統(連接國8),N,23.085272,E,120.329033
S,03F-349.6S,10.1,12.1,新化系統(連接國8),關廟(連接台86),N,23.040203,E,120.325172
S,03F-358.8S,6.8,8.1,關廟(連接台86),關廟服務區,N,22.969758,E,120.340164
S,03F-367.0S,5.7,6.8,關廟服務區,田寮,N,22.901969,E,120.354767
S,03F-374.3S,13.5,16.2,田寮,燕巢系統(連接國10),N,22.845122,E,120.385428
S,03F-385.4S,7.9,9.4,燕巢系統(連接國10),九如,N,22.769197,E,120.441839
S,03F-391.6S,9.2,11,九如,長治,N,22.749792,E,120.496839
S,03F-401.8S,6.7,8,長治,麟洛,N,22.682775,E,120.563086
S,03F-414.2S,7.3,8.7,麟洛,竹田系統(連接台88),N,22.579586,E,120.526161
S,03F-416.8S,6.7,8,竹田系統(連接台88),崁頂,N,22.557186,E,120.524558
S,03F-423.2S,2.4,2.8,崁頂,南州,N,22.501367,E,120.525775
S,03F-426.3S,5.9,7,南州,林邊(大鵬灣端),N,22.474661,E,120.530844
N,03F-002.1N,2.3,2.7,瑪東系統(連接台62),基金,N,25.129514,E,121.698631
N,03F-005.4N,8.4,10,汐止系統(連接國1),瑪東系統(連接台62),N,25.103747,E,121.681789
N,03F-011.6N,2.1,2.5,新台五路,汐止系統(連接國1),N,25.065611,E,121.643467
N,03F-014.0N,1.7,2,南港(連接環東大道),新台五路,N,25.050319,E,121.628156
N,03F-015.0N,1.2,1.4,南港系統(連接國五)&南深路出口匝道,南港(連接環東大道),N,25.042389,E,121.624789
N,03F-020.1N,4.4,5.2,木柵(連接國3甲),南港系統(連接國五)&南深路出口匝道,N,25.007375,E,121.596381
N,03F-021.7N,6.3,7.5,新店(中興路),木柵(連接國3甲),N,24.993744,E,121.593367
N,03F-030.1N,4.1,4.9,安坑(中央、安康路),新店(中興路),N,24.96255,E,121.530572
N,03F-033.8N,4.8,5.7,中和(連接台64),安坑(中央、安康路),N,24.978586,E,121.501744
N,03F-039.4N,6.7,8,土城(連接台65),中和(連接台64),N,24.975247,E,121.454925
N,03F-044.7N,4.9,5.8,樹林,土城(連接台65),N,24.950503,E,121.412681
N,03F-049.8N,3.3,3.9,三鶯,樹林,N,24.943825,E,121.365275
N,03F-052.5N,3.7,4.4,鶯歌系統(連接國2),三鶯,N,24.936025,E,121.3419
N,03F-055.9N,8.4,10,大溪(連接台66),鶯歌系統(連接國2),N,24.930225,E,121.312458
N,03F-064.8N,5.5,6.6,龍潭,大溪(連接台66),N,24.878792,E,121.250839
N,03F-069.8N,7.9,9.4,關西服務區,龍潭,N,24.856558,E,121.208581
N,03F-078.3N,3,3.6,關西,關西服務區,N,24.797339,E,121.179128
N,03F-084.6N,11.1,13.3,竹林,關西,N,24.791439,E,121.125997
N,03F-096.1N,8.5,10.2,寶山,竹林,N,24.758442,E,121.030425
N,03F-099.6N,1.9,2.2,新竹系統(連接國1),寶山,N,24.755811,E,120.997269
N,03F-102.2N,3.2,3.8,茄苳,新竹系統(連接國1),N,24.757914,E,120.972267
N,03F-105.1N,5.3,6.3,香山,茄苳,N,24.753094,E,120.945675
N,03F-112.8N,5.6,6.7,西濱(連接台61),香山,N,24.711383,E,120.889639
N,03F-116.1N,3.7,4.4,竹南,西濱(連接台61),N,24.698006,E,120.860086
N,03F-121.5N,5.4,6.4,大山,竹南,N,24.655964,E,120.838242
N,03F-125.7N,5.7,6.8,後龍,大山,N,24.627161,E,120.814006
N,03F-133.2N,4.7,5.6,西湖服務區,後龍,N,24.579642,E,120.764417
N,03F-139.5N,9.4,11.2,通霄,西湖服務區,N,24.531125,E,120.733253
N,03F-148.5N,12.5,15,苑裡,通霄,N,24.467308,E,120.681217
N,03F-163.3N,7.5,9,大甲,苑裡,N,24.341119,E,120.651567
N,03F-165.1N,4.7,5.6,中港系統(連接國4),大甲,N,24.334719,E,120.635578
N,03F-171.0N,3.5,4.2,清水服務區,中港系統(連接國4),N,24.292881,E,120.601964
N,03F-173.9N,3.7,4.4,沙鹿,清水服務區,N,24.269464,E,120.590806
N,03F-177.9N,6.7,8,龍井,沙鹿,N,24.234647,E,120.593306
N,03F-186.0N,8.8,10.5,和美,龍井,N,24.177831,E,120.548244
N,03F-194.1N,5.1,6.1,彰化系統(連接國1),和美,N,24.120947,E,120.534547
N,03F-199.2N,5.4,6.4,快官(連接台74),彰化系統(連接國1),N,24.102525,E,120.578747
N,03F-206.6N,5.2,6.2,烏日,快官(連接台74),N,24.070333,E,120.639711
N,03F-207.8N,1.8,2.1,中投(連接台63),烏日,N,24.067958,E,120.651433
N,03F-210.0N,2.3,2.7,霧峰(台3線、太平-台74),中投(連接台63),N,24.060428,E,120.671533
N,03F-212.5N,2.9,3.4,霧峰系統(連接國6),霧峰(台3線、太平-台74),N,24.040994,E,120.677853
N,03F-215.3N,3,3.6,草屯,霧峰系統(連接國6),N,24.01894444,E,120.6631611
N,03F-219.4N,5.6,6.7,中興系統(台76-八卦山隧道),草屯,N,23.985844,E,120.652714
N,03F-223.1N,1.8,2.1,中興,中興系統(台76-八卦山隧道),N,23.957103,E,120.657614
N,03F-226.0N,3.8,4.5,南投,中興,N,23.937928,E,120.676853
N,03F-230.6N,3,3.6,南投服務區,南投,N,23.906781,E,120.702828
N,03F-233.6N,5.6,6.7,名間,南投服務區,N,23.882031,E,120.709186
N,03F-241.5N,6.7,8,竹山,名間,N,23.814836,E,120.700003
N,03F-244.7N,6.3,7.5,南雲,竹山,N,23.787486,E,120.704519
N,03F-253.5N,10.2,12.2,斗六,南雲,N,23.775581,E,120.6259
N,03F-261.4N,8.1,9.7,古坑(文化路)&古坑系統(連接台78),斗六,N,23.724425,E,120.601786
N,03F-270.9N,2.1,2.5,古坑(朝陽路),古坑(文化路)&古坑系統(連接台78),N,23.64927778,E,120.5729111
N,03F-274.7N,5.7,6.8,古坑服務區,古坑(朝陽路),N,23.618203,E,120.558567
N,03F-277.7N,2.5,3,梅山,古坑服務區,N,23.606792,E,120.532511
N,03F-284.0N,9.6,11.5,竹崎(竹崎連絡道),梅山,N,23.558125,E,120.505061
N,03F-289.9N,2,2.4,竹崎(159縣道),竹崎(竹崎連絡道),N,23.511683,E,120.486328
N,03F-292.3N,6.5,7.8,中埔,竹崎(159縣道),N,23.492078,E,120.494586
N,03F-298.5N,2.9,3.4,水上系統(連接台82),中埔,N,23.442486,E,120.4812
N,03F-310.1N,11.3,13.5,白河,水上系統(連接台82),N,23.361253,E,120.436356
N,03F-318.7N,8.1,9.7,東山服務區,白河,N,23.296692,E,120.404164
N,03F-321.1N,2.8,3.3,柳營,東山服務區,N,23.279281,E,120.390253
N,03F-325.9N,7.1,8.5,烏山頭,柳營,N,23.244994,E,120.367378
N,03F-330.7N,5.1,6.1,官田系統(連接台84),烏山頭,N,23.203275,E,120.355461
N,03F-339.2N,5.3,6.3,善化,官田系統(連接台84),N,23.132064,E,120.333711
N,03F-344.5N,6.7,8,新化系統(連接國8),善化,N,23.085272,E,120.329033
N,03F-349.6N,10.1,12.1,關廟(連接台86),新化系統(連接國8),N,23.040203,E,120.325172
N,03F-358.8N,6.8,8.1,關廟服務區,關廟(連接台86),N,22.969758,E,120.340164
N,03F-367.0N,5.7,6.8,田寮,關廟服務區,N,22.901969,E,120.354767
N,03F-374.3N,13.5,16.2,燕巢系統(連接國10),田寮,N,22.845122,E,120.385428
N,03F-385.4N,7.9,9.4,九如,燕巢系統(連接國10),N,22.769197,E,120.441839
N,03F-391.6N,9.2,11,長治,九如,N,22.749792,E,120.496839
N,03F-402.1N,6.7,8,麟洛,長治,N,22.680347,E,120.563311
N,03F-414.2N,7.3,8.7,竹田系統(連接台88),麟洛,N,22.579586,E,120.526161
N,03F-416.8N,6.7,8,崁頂,竹田系統(連接台88),N,22.557408,E,120.524761
N,03F-423.2N,2.4,2.8,南州,崁頂,N,22.501367,E,120.525775
N,03F-425.9N,5.9,7,林邊(大鵬灣端),南州,N,22.477464,E,120.531386
S,03A-001.5S,3.6,4.3,台北端,萬芳(動物園、信義快),N,25.012144,E,121.562128
S,03A-004.1S,1.5,1.8,萬芳(動物園、信義快),木柵(連接國3),N,25.003864,E,121.586039
N,03A-001.5N,3.6,4.3,萬芳(動物園、信義快),台北端,N,25.012144,E,121.562128
N,03A-004.1N,1.5,1.8,木柵(連接國3),萬芳(動物園、信義快),N,25.003864,E,121.586039
S,05F-000.0S,4.1,4.9,南港系統(連接國3),石碇,N,25.03508889,E,121.6229306
S,05F-005.5S,10.5,12.6,石碇,坪林行控專用道,N,24.99646667,E,121.6520583
S,05F-028.7S,15.7,18.8,坪林行控專用道,頭城,N,24.84256944,E,121.7889667
S,05F-030.9S,6.5,7.8,頭城,宜蘭(四城、大福),N,24.82370556,E,121.7862139
S,05F-R11.3S,3.9,4.6,宜蘭(四城、大福),宜蘭(壯圍),N,24.73394444,E,121.7819889
S,05F-043.9S,5.7,6.9,宜蘭(壯圍),羅東,N,24.71102778,E,121.7894778
S,05F-049.4S,6.9,8.2,羅東,蘇澳,N,24.66258056,E,121.79985
N,05F-000.1N,4.1,4.9,石碇,南港系統(連接國3),N,25.03497222,E,121.6248611
N,05F-005.5N,10.5,12.6,坪林行控專用道,石碇,N,24.99615556,E,121.6520972
N,05F-028.7N,15.7,18.8,頭城,坪林行控專用道,N,24.84263889,E,121.7892861
N,05F-030.9N,6.5,7.8,宜蘭(四城、大福),頭城,N,24.82370556,E,121.7862139
N,05F-R14.3N,3.9,4.6,宜蘭(壯圍),宜蘭(四城、大福),N,24.73391667,E,121.78235
N,05F-043.8N,5.7,6.9,羅東,宜蘭(壯圍),N,24.71092222,E,121.7895972
N,05F-052.8N,6.9,8.2,蘇澳,羅東,N,24.63271667,E,121.8071667
